numberId,name,lastName,email,phone,rol,deleted
16-142-3192,Cindie,Cannicott,ccannicott0@cmu.edu,6027698638,medic,true
20-578-2408,Hi,Coggell,hcoggell1@fema.gov,2241209117,admin,false
82-514-3665,Angelique,Neely,aneely2@ameblo.jp,1465778075,bacteriologist,true
73-343-7308,Edik,Van Eeden,evaneeden3@yahoo.com,6959814997,patient,true
14-956-9172,Stuart,Jahncke,sjahncke4@diigo.com,2095142954,patient,false
13-680-5596,Eleanora,Judron,ejudron5@cmu.edu,9215613490,patient,false
54-136-8889,Tod,Barrabeale,tbarrabeale6@spotify.com,4823915225,patient,true
40-263-0406,Free,Clardge,fclardge7@163.com,1462001134,patient,false
09-785-0735,Gerik,Turrell,gturrell8@elegantthemes.com,8155240288,patient,true
11-052-2807,Chrysa,Giraudoux,cgiraudoux9@e-recht24.de,7755610995,patient,false
17-258-4144,Nico,Agron,nagrona@technorati.com,3981844483,patient,true
46-573-7235,Trina,MacWilliam,tmacwilliamb@about.me,5158446652,patient,false
79-086-7269,Isidoro,Fawlks,ifawlksc@fda.gov,9591081366,patient,true
80-430-4604,Angelique,Shutte,ashutted@sogou.com,3475397033,patient,true
21-163-2737,Mitchael,Veljes,mveljese@ow.ly,8885119438,patient,false
04-394-1235,Clara,Hessenthaler,chessenthalerf@posterous.com,2854438582,patient,true
38-288-6439,Karel,Bilsford,kbilsfordg@msn.com,8202171880,patient,false
68-788-5642,Ky,Byham,kbyhamh@over-blog.com,8452305628,patient,true
68-958-7639,Catherin,Crozier,ccrozieri@cmu.edu,6884329433,patient,true
57-012-7498,Ben,Volage,bvolagej@ftc.gov,6503829962,patient,true
94-466-0544,Garrott,Pollastrino,gpollastrinok@yandex.ru,9784216299,patient,true
37-081-2567,Shannon,Yair,syairl@ucoz.ru,1078730822,patient,true
69-743-9132,Norah,Connue,nconnuem@mapquest.com,1283530331,patient,false
06-155-3268,Lotti,Marples,lmarplesn@usa.gov,3444489303,patient,false
05-588-8417,Bianca,Hovie,bhovieo@tinyurl.com,9031039419,patient,true
45-786-0548,Forster,Faltin,ffaltinp@ftc.gov,5488076909,patient,true
53-252-2965,Aridatha,Scheffel,ascheffelq@skype.com,8454415825,patient,true
10-752-8731,Sully,Baldry,sbaldryr@delicious.com,2011651066,patient,true
33-836-6676,Kurt,Danko,kdankos@spiegel.de,8615760382,patient,true
03-416-3908,Sher,Sansbury,ssansburyt@latimes.com,6245812377,patient,true
10-094-0018,Jacki,Lionel,jlionelu@msn.com,7603323622,patient,true
75-184-6674,Sibilla,Hillatt,shillattv@surveymonkey.com,4443799620,patient,true
41-374-1396,Clayborne,Capelle,ccapellew@weibo.com,8106312882,patient,true
96-106-8318,Gayle,MacBain,gmacbainx@ca.gov,4647488963,patient,true
54-239-1285,Livvie,Rabat,lrabaty@baidu.com,1167335060,patient,true
90-591-2473,Alexander,Tireman,atiremanz@sun.com,7081402448,patient,false
05-904-2423,Delphine,Bridgement,dbridgement10@chron.com,1713654004,patient,false
12-961-1196,Foster,Cearley,fcearley11@unc.edu,2863564224,patient,false
61-362-3842,Claudia,Hamm,chamm12@pbs.org,9647066414,patient,true
51-009-8972,Garrot,Brierley,gbrierley13@techcrunch.com,3521310461,patient,true
76-085-5660,Ursola,Sammons,usammons14@technorati.com,4316869885,patient,true
88-543-2263,Joelie,Bengtsson,jbengtsson15@mac.com,3841437552,patient,true
22-784-4235,Nani,Leele,nleele16@cdbaby.com,2177447793,patient,true
09-134-4084,Linette,Lattos,llattos17@businessweek.com,4346187328,patient,false
82-785-9722,Neila,Brewer,nbrewer18@canalblog.com,6648153229,patient,false
48-249-1873,Winny,McKinna,wmckinna19@opera.com,1035409181,patient,true
95-253-3906,Julissa,Frichley,jfrichley1a@ezinearticles.com,4965717659,patient,false
76-742-2110,Kissiah,Hinnerk,khinnerk1b@storify.com,4129832411,patient,false
65-674-9000,Lynett,Sukbhans,lsukbhans1c@wikispaces.com,4516451834,patient,true
56-760-7709,Roxy,Fargie,rfargie1d@prlog.org,8491790612,patient,false
34-713-0961,Farley,Pidwell,fpidwell1e@mayoclinic.com,1292512534,patient,false
56-917-3019,Filmore,Alldritt,falldritt1f@weebly.com,2926404878,patient,false
81-000-2348,Kelcie,Nicholes,knicholes1g@ucoz.ru,4629210675,patient,true
11-781-1448,Sari,Seathwright,sseathwright1h@nps.gov,9061113774,patient,false
98-444-8245,Brandy,Bibey,bbibey1i@vistaprint.com,9474844694,patient,false
53-855-5557,Briant,Hawkeridge,bhawkeridge1j@ted.com,7138186087,patient,false
29-815-9993,Brigid,Parmer,bparmer1k@google.co.jp,4688077923,patient,true
43-730-1648,Eugenio,Thon,ethon1l@soup.io,7941184851,patient,false
74-717-0473,Nicolais,Fronzek,nfronzek1m@arstechnica.com,5143638705,patient,false
09-054-0450,Clareta,Gonsalvez,cgonsalvez1n@nih.gov,4505226456,patient,true
02-612-4303,Iorgos,Berzen,iberzen1o@skype.com,1318856469,patient,false
90-463-4802,Mellie,Gockelen,mgockelen1p@chronoengine.com,2075789295,patient,false
27-603-9912,Leticia,Sorey,lsorey1q@scientificamerican.com,5614222992,patient,true
38-005-0191,Viole,Burrows,vburrows1r@economist.com,1664266559,patient,true
49-371-9377,Lilyan,Rotge,lrotge1s@comcast.net,9375199910,patient,true
88-433-0224,Evelyn,Goss,egoss1t@liveinternet.ru,3987173322,patient,false
48-372-5632,Bettine,de'-Ancy Willis,bdeancywillis1u@cisco.com,2295003422,patient,true
21-213-1553,Gilles,Turbern,gturbern1v@macromedia.com,1622872545,patient,true
81-209-4904,Rheta,Ivashnyov,rivashnyov1w@sourceforge.net,6959226969,patient,false
30-758-4302,Tommy,Brashier,tbrashier1x@imgur.com,6388073591,patient,true
28-540-8761,Hewett,Burdess,hburdess1y@yolasite.com,8856078467,patient,true
96-598-6696,Gail,Osler,gosler1z@wunderground.com,6354527670,patient,true
68-716-6479,Dionisio,Rizzolo,drizzolo20@1688.com,4087215874,patient,false
94-160-7754,Nilson,Peasey,npeasey21@amazonaws.com,6014597346,patient,true
90-296-3582,Mill,Test,mtest22@istockphoto.com,6147707731,patient,true
97-301-1902,Reinaldos,Greeding,rgreeding23@goodreads.com,7668068594,patient,false
30-353-2824,Alica,Trencher,atrencher24@mtv.com,5705401088,patient,true
66-366-1310,Donia,Boarer,dboarer25@cbsnews.com,9704092083,patient,true
10-131-1190,Luca,Kiessel,lkiessel26@time.com,9352398721,patient,true
42-633-8672,Gabriel,Hedditeh,ghedditeh27@nymag.com,4525391130,patient,true
54-108-6630,Matti,Heys,mheys28@sourceforge.net,9328430547,medic,true
53-069-1099,Elisha,Lindeman,elindeman29@blog.com,4549609553,medic,true
47-138-3231,Efrem,Yateman,eyateman2a@instagram.com,8236090565,medic,false
44-639-4106,Dita,Bathurst,dbathurst2b@alibaba.com,5808567447,medic,false
35-288-2681,Shaun,Keson,skeson2c@devhub.com,4946191058,medic,false
39-236-3847,Jodi,Cookes,jcookes2d@mapquest.com,2983265060,medic,true
23-989-8201,Kirbee,Wretham,kwretham2e@photobucket.com,2086275944,medic,false
83-325-2329,Rasia,McWhin,rmcwhin2f@omniture.com,8281372484,medic,true
51-566-9534,Ondrea,Ketch,oketch2g@harvard.edu,1825888167,medic,false
39-635-8589,Shanda,Panswick,spanswick2h@nbcnews.com,2382940547,medic,false
98-282-5225,Laverna,Mathews,lmathews2i@google.ca,5859549115,bacteriologist,false
32-630-5954,April,Cestard,acestard2j@statcounter.com,2959319059,bacteriologist,true
32-643-7521,Charlotta,Cello,ccello2k@reverbnation.com,6939172368,bacteriologist,true
75-134-2339,Kelsey,Manion,kmanion2l@ameblo.jp,2792043734,bacteriologist,false
03-243-6657,Brittaney,Sheringham,bsheringham2m@homestead.com,5632020527,bacteriologist,false
10-021-1681,Jessa,Crace,jcrace2n@devhub.com,7401071336,medic,false
11-985-0411,Olimpia,Bole,obole2o@nhs.uk,2838865285,medic,false
34-467-0143,Amitie,Tilly,atilly2p@liveinternet.ru,4919925590,medic,false
52-776-5451,Allan,Watmough,awatmough2q@seattletimes.com,8391156056,admin,false
47-860-2706,Daria,Rosendahl,drosendahl2r@shinystat.com,6924283426,admin,true
